x,y,label,type,respID,qID,altID,obsID
1,0,Start,Start,1771,4,2,10624
1,0.16666666666666666,Car,Vehicle,1771,4,2,10624
0,0.3333333333333333,Transfer,Node,1771,4,2,10624
1,0.5,Bus,Vehicle,1771,4,2,10624
0,0.6666666666666666,Transfer (10 min wait),Node,1771,4,2,10624
1,0.8333333333333333,Taxi,Vehicle,1771,4,2,10624
1,0.9166666666666666,Walk (5 min),Walk,1771,4,2,10624
1,1,End,End,1771,4,2,10624
