x,y,label,type,respID,qID,altID,obsID
1,0,Start,Start,1858,2,1,11144
1,0.16666666666666666,Bus,Vehicle,1858,2,1,11144
0,0.3333333333333333,Transfer,Node,1858,2,1,11144
1,0.5,Bus,Vehicle,1858,2,1,11144
0,0.6666666666666666,Transfer (10 min wait),Node,1858,2,1,11144
1,0.8333333333333333,Uber/Lyft,Vehicle,1858,2,1,11144
1,1,End,End,1858,2,1,11144
