x,y,label,type,respID,qID,altID,obsID
1,0,Start (5 min wait),Start,769,1,1,4609
1,0.08333333333333333,Walk (10 min),Walk,769,1,1,4609
1,0.16666666666666666,Taxi,Vehicle,769,1,1,4609
0,0.3333333333333333,Transfer,Node,769,1,1,4609
1,0.5,Bus,Vehicle,769,1,1,4609
0,0.6666666666666666,Transfer,Node,769,1,1,4609
1,0.8333333333333333,Bus,Vehicle,769,1,1,4609
1,0.9166666666666666,Walk (10 min),Walk,769,1,1,4609
1,1,End,End,769,1,1,4609
